1,alivewel,C2_SimpleBashUtils,2023-06-25
2,alivewel,C3_s21_string+,2023-06-27
3,marlinto,C4_s21_math,2023-06-28
4,marlinto,C5_s21_decimal,2023-06-29
5,lopata,C4_s21_math,2023-06-29
6,lopata,C6_s21_matrix,2023-07-01
7,bolondos,C2_SimpleBashUtils,2023-07-01
8,bolondos,C3_s21_string+,2023-07-01
9,bolondos,C4_s21_math,2023-07-01
10,lopata,C5_s21_decimal,2023-07-02
11,alivewel,C4_s21_math,2023-07-02
12,alivewel,C5_s21_decimal,2023-07-02
13,alivewel,C6_s21_matrix,2023-07-02
14,alivewel,C7_SmartCalc_v1.0,2023-07-02
15,alivewel,C8_3DViewer_v1.0,2023-07-02
16,lopata,C2_SimpleBashUtils,2023-07-02
17,lopata,C3_s21_string+,2023-07-02
18,bolondos,C5_s21_decimal,2023-06-09
19,ereman,C5_s21_decimal,2023-03-25
20,bolondos,C7_SmartCalc_v1.0,2023-06-09
21,alivewel,DO1_Linux-0,2023-06-09
22,alivewel,DO2_LinuxNetwork,2023-06-09
23,bolondos,DO1_Linux-0,2023-06-10
24,alivewel,DO3_LinuxMonitoring_v1.0,2023-06-10
25,dushnila,DO1_Linux-0,2023-06-09
